title,company,location,link
Software Development (All Levels),Instec Corp,Remote,https://www.indeed.com/viewjob?jk=a9ef10d383bd5360
Python Developer,Agama Solutions,"Remote in San Francisco, CA+1 location",https://www.indeed.com/viewjob?jk=f6a64372a5851eec
Software Development (All Levels),Insurity,Remote,https://www.indeed.com/viewjob?jk=676599852a737304
CSS & HTML Developer,Humanity,"Remote in Myrtle Point, OR 97458",https://www.indeed.com/viewjob?jk=cceee5b57c71a193
Python Engineer,Piper Companies,+9 locationsRemote,https://www.indeed.com/viewjob?jk=4ac9a3ab222f68eb
Entry Level Software Developer,Grant Street Group,Remote,https://www.indeed.com/viewjob?jk=f29f480069fa33cf
Business Analyst (Entry Level),Agama Solutions,+5 locationsRemote,https://www.indeed.com/viewjob?jk=7a2f9cc2cc982a1e
Software Engineer,Nike,"Remote in Atlanta, GA+11 locations",https://www.indeed.com/viewjob?jk=d10df9af539c598b
Entry Level Business Analyst,Agama Solutions,+1 locationRemote,https://www.indeed.com/viewjob?jk=4d933148d44283c6
Full Stack Engineer,Woven Teams,Remote,https://www.indeed.com/viewjob?jk=a391486f0bba99ac
Software Developer (Remote),Workforce Opportunity Services,Remote in United States,https://www.indeed.com/viewjob?jk=d8846773cfd3d827
REMOTE Junior Backend Engineer - $120-$160K (Python),Explore Jobs Search,"Remote in Denver, CO+38 locations",https://www.indeed.com/viewjob?jk=f73ae0d6f6a086fa
Data Mentor (Part-time),Pathrise,Remote,https://www.indeed.com/viewjob?jk=1ca4abef538dab27
Python Developer,Paktolus,Remote,https://www.indeed.com/viewjob?jk=df1cce3cc988f374
Python Developer,Kaizen Technologies,"Austin, TX",https://www.indeed.com/viewjob?jk=46ea36608a468965
Data Engineer,O'Reilly Media,+1 locationRemote,https://www.indeed.com/viewjob?jk=464d0e0ec778fa77
(Junior / Senior) Machine Learning (ML) Engineer - Sports An...,Zelus Analytics,"Remote in Austin, TX",https://www.indeed.com/viewjob?jk=aed83cca705bdf76
Software Engineer II,Microsoft,"Redmond, WA 98052 (Overlake area)+70 locations",https://www.indeed.com/viewjob?jk=9401095e3b64ae52
Developer,The J. M. Smucker Company,Remote,https://www.indeed.com/viewjob?jk=3091125d479dc222
Sales Opportunities,RStudio,"Remote in Seattle, WA+1 location",https://www.indeed.com/viewjob?jk=8f0c4d2a405bc478
Software Engineer I,"VIZIO, Inc.","Denver, CO 80206 (Cherry Creek area)",https://www.indeed.com/viewjob?jk=995e9c62f71f86be
Data Scientist (Remote),Yelp,Remote,https://www.indeed.com/viewjob?jk=0072004f2d3180a4
Senior Python Software Engineer (100% Remote),Explore Jobs Search,"Remote in Dallas, TX+126 locations",https://www.indeed.com/viewjob?jk=97fa560ec9dc2853
Data Science Associate (Remote),pulseData,"Remote in New York, NY",https://www.indeed.com/viewjob?jk=93ba85428775f72d
Director of IT,Eventbrite,Remote,https://www.indeed.com/viewjob?jk=3ba309c943755538
Software Developer,University of Maryland,"Hybrid remote in College Park, MD 20742",https://www.indeed.com/viewjob?jk=733d4756fc2c5a36
DevOps Engineer - Redhat Openshift,"Spry Squared, Inc.","Remote in Boulder, CO",https://www.indeed.com/viewjob?jk=6364c3c49bc4172d
56904,Zachary Piper Solutions LLC,"Remote in Kent, WA+3 locations",https://www.indeed.com/viewjob?jk=0cda7f8e51524a75
Software Engineer - Undergrad New College Grad - Multiple Lo...,Visa,"Austin, TX+17 locations",https://www.indeed.com/viewjob?jk=757618b14d38027a
QA Engineer (Remote),SwissBorg,Remote,https://www.indeed.com/viewjob?jk=d35d2cf538d639a0
Data Scientist,Deloitte,"Washington, DC+126 locations",https://www.indeed.com/viewjob?jk=066b6fb576c28a66
Software Engineer,Parabola,"Remote in New York, NY 10012",https://www.indeed.com/viewjob?jk=92d56dc313ac0f31
Software Engineer â€“ Mid (Python),Humanity,"Markham, IL+3 locations",https://www.indeed.com/viewjob?jk=ad7285ba6d25a8de
Marketing Analyst,G5 Entertainment,Remote,https://www.indeed.com/viewjob?jk=415d0a5ce0fbb2db
Platform Support Engineer (all levels),"Mastery Logistics Systems, Inc.",Remote,https://www.indeed.com/viewjob?jk=72b35ff381f33645
Python/SQL Developer,IDM People,"Township of Hamilton, NJ 08619",https://www.indeed.com/viewjob?jk=70ba43168b844072
Software Engineer,Democratic National Committee,+1 locationRemote,https://www.indeed.com/viewjob?jk=be042cb1c4f5fecc
Quality Assurance Engineer,Wiland,+1 locationRemote,https://www.indeed.com/viewjob?jk=35813eadfdcf395e
Applied Biomechanics Researcher,Apple,"Cupertino, CA+3 locations",https://www.indeed.com/viewjob?jk=d607beb713dab79b
Snowflake Developer,Intone Networks,+3 locationsRemote,https://www.indeed.com/viewjob?jk=df8c85898154827f
Technical Support Representative (Spanish Speaking),Swiftly,Remote,https://www.indeed.com/viewjob?jk=25a621e5d0c89bb3
Python Developer,Indus Group,United States,https://www.indeed.com/viewjob?jk=67008ecde32d356f
Python Developer,Saraca Solutions,"Harrisburg, PA",https://www.indeed.com/viewjob?jk=7a7f0d6cdbec9856
Digital Analyst,Lulus.com,"Remote in Chico, CA 95928+1 location",https://www.indeed.com/viewjob?jk=d9549aa0bd7afe61
Senior Quantitative Analyst,Charles Schwab,California+2 locations,https://www.indeed.com/viewjob?jk=7597fa0496bfd18e
